{
  "total": 0.0047350000000000005,
  "by_date": {
    "2026-02-06": 0.0047350000000000005
  },
  "by_provider": {
    "openai": 0.00023500000000000002,
    "anthropic": 0.0045000000000000005
  },
  "by_operation": {
    "openai:embedding:text-embedding-3-large": 0.00013000000000000002,
    "anthropic:llm:claude-3-5-sonnet-20240620": 0.0045000000000000005,
    "openai:llm:gpt-4o-mini": 0.000105
  }
}